preco,ano,km_rodados,modelo,tipo_combustivel,potencia_motor,n_portas
36520,2006,104537,Sedan Basico,Gasolina,92,2
65147,2019,241983,Esportivo,Gasolina,289,3
59145,2014,42533,Sedan Premium,Diesel,220,4
38231,2010,263972,Sedan Premium,Flex,179,3
39561,2007,1917,Sedan Basico,Alcool,110,4
49559,2020,282762,Esportivo,Gasolina,209,4
32809,2006,32254,Sedan Basico,Diesel,95,4
49382,2018,261987,Hatch Popular,Diesel,216,3
52125,2022,47362,SUV Compacto,Alcool,152,4
50194,2010,282272,Minivan Familiar,Alcool,245,4
53623,2010,242353,Sedan Premium,Diesel,282,3
51013,2023,190455,Hatch Popular,Gasolina,133,4
59401,2020,65545,SUV Compacto,Diesel,263,3
58964,2003,82180,Hatch Popular,Flex,293,4
39466,2007,87958,Esportivo,Flex,179,2
61202,2023,5287,Sedan Premium,Alcool,188,2
29806,2002,257665,Minivan Familiar,Gasolina,166,4
63735,2021,8512,Sedan Basico,Gasolina,252,2
56144,2020,132414,Sedan Basico,Flex,241,3
41159,2001,108872,SUV Compacto,Diesel,216,2
68037,2023,247754,Minivan Familiar,Alcool,295,4
31319,2011,93070,Picape Media,Diesel,87,4
32060,2005,79767,Esportivo,Diesel,86,3
34048,2001,97829,SUV Compacto,Diesel,115,4
41500,2020,42078,Picape Media,Gasolina,97,3
31124,2000,83524,Hatch Popular,Flex,82,2
28934,2011,227645,Esportivo,Gasolina,107,2
56245,2021,12219,Hatch Popular,Flex,149,3
46762,2011,262379,Minivan Familiar,Alcool,251,3
50846,2016,127309,Sedan Premium,Alcool,228,4
30074,2009,139639,Esportivo,Diesel,107,2
38810,2015,196513,Picape Media,Flex,133,3
51601,2014,248320,Sedan Premium,Flex,261,2
40956,2014,136487,Sedan Basico,Flex,144,3
46080,2018,167231,Picape Media,Diesel,179,2
40797,2011,43925,SUV Compacto,Diesel,100,4
39744,2022,137023,Sedan Basico,Alcool,92,2
45094,2019,87388,Sedan Basico,Gasolina,136,2
33128,2002,8007,SUV Compacto,Flex,128,2
34422,2004,257802,Esportivo,Flex,197,2
45363,2018,58596,Sedan Basico,Gasolina,133,2
46790,2006,255266,Minivan Familiar,Flex,217,4
51156,2020,15524,Picape Media,Diesel,132,3
31757,2008,155002,Sedan Premium,Diesel,123,2
40103,2006,125501,Sedan Basico,Flex,126,4
42564,2017,282755,Picape Media,Diesel,132,2
38923,2003,148056,Hatch Popular,Diesel,153,2
48671,2013,14060,Picape Media,Flex,125,3
37096,2017,214057,Sedan Premium,Alcool,92,2
45791,2008,190279,Picape Media,Gasolina,244,4
51084,2020,206118,SUV Compacto,Diesel,181,4
30630,2001,160359,Sedan Premium,Alcool,103,3
41608,2019,39711,Esportivo,Diesel,81,2
59461,2014,143026,Hatch Popular,Diesel,293,4
34796,2006,218134,SUV Compacto,Gasolina,160,2
46785,2011,102974,Esportivo,Diesel,179,2
48331,2007,149646,Picape Media,Gasolina,221,2
55503,2014,150168,Sedan Premium,Gasolina,217,3
49605,2002,67728,Hatch Popular,Gasolina,242,2
52437,2013,165088,SUV Compacto,Alcool,232,4
60037,2016,11246,Esportivo,Flex,210,2
45564,2003,92263,Esportivo,Alcool,190,4
54154,2017,11302,Hatch Popular,Flex,181,2
31738,2007,41157,Minivan Familiar,Flex,96,4
27384,2003,54917,Picape Media,Gasolina,91,4
48683,2001,223810,Hatch Popular,Diesel,261,2
40881,2005,96646,Esportivo,Gasolina,195,2
40259,2021,286663,Sedan Basico,Diesel,103,4
30819,2009,267552,SUV Compacto,Flex,108,3
53940,2003,59379,Hatch Popular,Gasolina,250,2
65218,2021,25053,Minivan Familiar,Diesel,232,3
53507,2017,131994,Esportivo,Alcool,201,2
54123,2011,98723,Picape Media,Diesel,267,2
34514,2001,51356,Esportivo,Gasolina,169,2
39940,2009,272933,Picape Media,Alcool,144,2
41572,2003,32154,Hatch Popular,Diesel,163,3
48226,2013,213942,Picape Media,Diesel,198,2
50687,2015,264480,Sedan Premium,Diesel,235,4
35854,2014,281173,Sedan Premium,Diesel,95,4
51742,2007,32265,Sedan Premium,Diesel,254,3
56046,2013,243322,Minivan Familiar,Alcool,288,2
49013,2022,174944,Minivan Familiar,Flex,183,4
43704,2007,46197,Sedan Basico,Alcool,171,3
63299,2020,154782,Minivan Familiar,Alcool,265,2
56702,2015,160558,Hatch Popular,Alcool,283,4
34102,2012,71907,Esportivo,Flex,106,4
53799,2017,202967,Esportivo,Gasolina,260,3
47717,2014,232604,Sedan Basico,Flex,249,2
52916,2020,282247,Minivan Familiar,Alcool,266,2
64107,2023,64772,Picape Media,Diesel,254,4
50363,2012,126108,Sedan Basico,Diesel,241,4
58159,2008,14382,Picape Media,Alcool,244,4
53787,2014,84291,Picape Media,Diesel,213,2
45124,2012,134828,SUV Compacto,Alcool,214,3
39172,2000,282753,Esportivo,Diesel,232,3
31064,2006,147550,Sedan Premium,Flex,112,2
32561,2008,232050,Minivan Familiar,Gasolina,134,3
68107,2023,130330,Picape Media,Gasolina,265,4
29723,2000,71315,SUV Compacto,Flex,86,3
44496,2011,14153,Esportivo,Flex,136,3
43179,2007,76325,Sedan Premium,Alcool,205,3
35890,2023,240773,Picape Media,Alcool,91,4
37864,2010,55318,Picape Media,Alcool,95,2
67104,2018,76077,Sedan Basico,Diesel,287,4
40029,2016,133515,Sedan Basico,Alcool,122,2
38614,2007,206988,Esportivo,Flex,196,2
53643,2002,125885,Sedan Premium,Gasolina,284,2
45848,2002,17368,Picape Media,Diesel,214,3
37390,2000,146400,Esportivo,Alcool,190,3
33314,2004,188014,Esportivo,Diesel,130,2
60101,2009,91751,Hatch Popular,Diesel,280,2
45686,2006,230203,Minivan Familiar,Alcool,239,3
33488,2008,289450,Sedan Basico,Diesel,154,4
28669,2006,170987,Sedan Premium,Gasolina,87,2
53207,2008,299363,Picape Media,Flex,294,4
56539,2007,211951,Esportivo,Flex,296,3
58784,2011,195716,Picape Media,Gasolina,279,2
33704,2001,60279,Hatch Popular,Diesel,124,4
55082,2000,126,Sedan Premium,Alcool,293,4
50610,2015,27632,Esportivo,Diesel,138,4
53797,2022,196382,Picape Media,Gasolina,211,3
52026,2022,109945,Sedan Basico,Diesel,183,3
60772,2023,250869,Minivan Familiar,Flex,274,4
48580,2004,217138,Hatch Popular,Diesel,236,4
46566,2002,175399,Sedan Premium,Gasolina,236,3
49034,2011,134869,Hatch Popular,Flex,177,4
46670,2007,178954,Sedan Basico,Diesel,235,4
59480,2021,144790,Sedan Premium,Diesel,284,3
36133,2002,34560,Hatch Popular,Flex,158,4
35398,2000,284260,SUV Compacto,Alcool,203,4
56719,2002,132717,Sedan Basico,Flex,294,4
44471,2004,178595,Sedan Basico,Alcool,251,3
63081,2014,124085,Sedan Basico,Gasolina,297,4
28199,2013,281400,SUV Compacto,Gasolina,83,3
34366,2002,100158,SUV Compacto,Flex,169,3
32363,2000,184245,Picape Media,Flex,183,2
46574,2004,168502,Esportivo,Gasolina,216,2
56259,2022,142766,Minivan Familiar,Alcool,198,4
51219,2013,57545,Hatch Popular,Gasolina,212,3
43342,2006,13224,Picape Media,Flex,135,2
41409,2008,40738,Hatch Popular,Gasolina,175,4
55608,2014,180760,Minivan Familiar,Flex,291,2
57028,2014,239690,Esportivo,Flex,257,2
38711,2009,139649,SUV Compacto,Gasolina,154,3
51670,2012,8070,Esportivo,Alcool,222,3
46242,2018,126161,SUV Compacto,Diesel,111,2
38561,2006,8666,Minivan Familiar,Gasolina,107,2
33112,2016,298512,Esportivo,Diesel,101,3
35961,2019,137855,Picape Media,Gasolina,96,4
34261,2003,41914,Sedan Premium,Diesel,138,3
37961,2004,201579,Picape Media,Alcool,169,2
66719,2022,127738,Hatch Popular,Alcool,278,4
38704,2006,246965,Picape Media,Gasolina,185,2
51292,2012,282100,Minivan Familiar,Flex,264,4
32000,2014,218967,Sedan Basico,Diesel,105,2
40332,2010,94270,Hatch Popular,Flex,104,4
44506,2003,266901,Esportivo,Flex,217,4
43015,2012,19097,Hatch Popular,Flex,124,2
36857,2006,141467,Sedan Premium,Alcool,162,4
43802,2018,147313,SUV Compacto,Gasolina,90,3
59303,2021,158768,Esportivo,Gasolina,284,2
45451,2001,246726,Hatch Popular,Alcool,260,3
57677,2009,46163,Esportivo,Alcool,279,2
46672,2012,19816,Esportivo,Gasolina,183,4
40792,2020,233619,Esportivo,Flex,147,4
34829,2005,155989,SUV Compacto,Diesel,174,4
54335,2011,96731,Minivan Familiar,Diesel,235,2
54323,2011,152638,Picape Media,Diesel,282,3
47535,2019,206524,Esportivo,Flex,144,3
41458,2010,62823,Sedan Basico,Gasolina,128,2
56466,2022,151878,Minivan Familiar,Alcool,254,2
36929,2006,206592,Sedan Premium,Gasolina,131,3
44136,2000,1759,SUV Compacto,Flex,181,3
42929,2000,257164,Hatch Popular,Alcool,295,3
56539,2019,133554,SUV Compacto,Flex,261,3
50020,2012,286586,Hatch Popular,Diesel,267,2
36290,2008,93501,SUV Compacto,Diesel,136,2
28595,2002,264223,Hatch Popular,Flex,126,4
46855,2006,59676,Esportivo,Alcool,238,3
50866,2005,217516,Picape Media,Alcool,253,4
30692,2007,173532,Hatch Popular,Gasolina,105,2
49545,2008,90397,Hatch Popular,Diesel,193,2
34793,2004,72847,Sedan Basico,Gasolina,84,4
34405,2000,93607,Hatch Popular,Gasolina,163,3
44106,2018,220178,Sedan Basico,Flex,131,3
40265,2009,149521,Sedan Premium,Flex,184,3
61752,2011,64077,Esportivo,Gasolina,282,3
41998,2023,179374,Sedan Basico,Diesel,133,4
50543,2014,257009,Picape Media,Flex,240,4
61708,2021,137717,Minivan Familiar,Gasolina,257,2
66121,2023,38000,Esportivo,Gasolina,245,3
54731,2008,26737,Sedan Basico,Gasolina,234,3
36876,2019,273629,Esportivo,Gasolina,94,3
46735,2016,186240,Esportivo,Gasolina,140,4
55298,2016,52487,Esportivo,Gasolina,201,3
36107,2019,274486,Sedan Premium,Flex,100,4
44350,2011,78623,Picape Media,Diesel,125,3
54307,2006,183675,SUV Compacto,Gasolina,276,3
41504,2001,213046,SUV Compacto,Alcool,213,2
34623,2002,105947,Sedan Basico,Flex,117,3
34474,2016,288543,Esportivo,Flex,141,3
33948,2004,128177,Sedan Basico,Gasolina,165,2
54523,2016,216454,Sedan Premium,Flex,269,4
65334,2023,109575,Sedan Premium,Gasolina,289,4
41040,2016,207606,Hatch Popular,Diesel,157,3
54144,2016,292822,Sedan Premium,Diesel,281,4
36397,2001,76218,Hatch Popular,Flex,125,3
42280,2001,63230,Picape Media,Flex,220,2
40012,2021,245756,Sedan Basico,Alcool,82,2
39590,2022,162552,Minivan Familiar,Flex,85,3
42113,2004,39986,Picape Media,Alcool,172,2
29418,2000,155232,Sedan Premium,Diesel,87,2
42376,2000,101358,Picape Media,Diesel,251,3
53690,2018,73506,Picape Media,Gasolina,187,3
52488,2001,34911,Picape Media,Diesel,240,2
58391,2020,206111,Sedan Premium,Alcool,288,4
40030,2011,84458,Minivan Familiar,Flex,154,4
46443,2005,12175,Esportivo,Gasolina,156,3
50986,2022,121300,Picape Media,Alcool,129,3
27642,2003,86925,Hatch Popular,Flex,90,4
45215,2022,244446,Sedan Premium,Gasolina,174,2
49469,2010,66358,Picape Media,Diesel,235,4
55269,2023,47057,Minivan Familiar,Alcool,149,4
56287,2016,268294,Esportivo,Flex,248,4
26465,2005,266569,Sedan Premium,Gasolina,95,4
47995,2023,254726,SUV Compacto,Gasolina,147,3
36486,2004,278176,Esportivo,Diesel,178,3
49067,2019,2198,Hatch Popular,Flex,127,2
47881,2001,184466,Picape Media,Diesel,263,2
36184,2005,167292,Minivan Familiar,Diesel,143,2
64512,2021,144931,SUV Compacto,Flex,266,2
42088,2010,162491,Minivan Familiar,Flex,169,4
51833,2015,260910,SUV Compacto,Flex,269,3
52115,2015,23236,Sedan Premium,Alcool,155,3
42330,2000,87955,SUV Compacto,Flex,218,2
41509,2008,216586,Hatch Popular,Gasolina,180,2
40448,2005,103145,Hatch Popular,Diesel,168,4
39953,2015,146430,Sedan Basico,Alcool,97,4
25391,2002,230785,Hatch Popular,Flex,98,2
65405,2019,94914,Esportivo,Alcool,294,3
28349,2003,207990,SUV Compacto,Flex,134,3
58768,2018,14596,Hatch Popular,Alcool,181,3
41266,2002,132351,Sedan Premium,Diesel,197,2
63903,2018,194269,Minivan Familiar,Diesel,289,3
60833,2019,138155,Minivan Familiar,Gasolina,233,4
43311,2006,120674,Sedan Basico,Gasolina,213,4
30813,2019,257529,Minivan Familiar,Flex,83,2
39802,2008,240469,SUV Compacto,Diesel,187,4
33247,2000,256713,Sedan Basico,Alcool,194,2
40113,2007,19063,SUV Compacto,Alcool,108,3
43673,2006,67642,Sedan Premium,Alcool,138,3
52658,2017,90093,Sedan Basico,Gasolina,204,3
39392,2007,217215,Picape Media,Alcool,177,4
26277,2000,182992,Esportivo,Gasolina,96,2
43958,2010,159601,Esportivo,Gasolina,186,3
46596,2017,35954,SUV Compacto,Flex,122,2
54217,2022,27856,Minivan Familiar,Alcool,159,3
58113,2009,2573,Picape Media,Alcool,273,4
54158,2002,35367,Sedan Basico,Diesel,241,4
29694,2006,237804,Picape Media,Flex,87,2
55722,2015,23752,Picape Media,Diesel,220,4
46013,2015,148757,Minivan Familiar,Flex,185,4
44548,2019,116739,Sedan Basico,Alcool,87,2
47756,2016,238009,Sedan Premium,Gasolina,175,3
37165,2001,256028,Minivan Familiar,Gasolina,173,4
26702,2000,207980,Picape Media,Gasolina,144,2
56472,2015,256609,Picape Media,Gasolina,250,4
39250,2011,188456,Sedan Premium,Gasolina,118,4
40268,2004,31653,Picape Media,Diesel,160,4
54603,2004,157729,Picape Media,Flex,266,4
48164,2022,228504,Picape Media,Alcool,163,2
42859,2008,121829,Esportivo,Diesel,167,2
42129,2008,128377,Minivan Familiar,Flex,165,2
39005,2002,1622,Hatch Popular,Gasolina,172,4
49726,2018,48756,Minivan Familiar,Flex,165,4
48138,2015,40809,Sedan Premium,Flex,123,4
58066,2015,16725,Picape Media,Gasolina,216,2
47671,2002,192468,Minivan Familiar,Gasolina,244,4
47487,2019,51226,Esportivo,Gasolina,153,3
46093,2023,81182,Sedan Premium,Alcool,115,4
56336,2021,29402,SUV Compacto,Gasolina,180,3
72527,2023,4263,Minivan Familiar,Alcool,299,4
45244,2000,227595,SUV Compacto,Gasolina,235,2
62281,2023,177900,Picape Media,Alcool,249,4
61513,2019,47924,Esportivo,Flex,250,3
50924,2010,224137,Esportivo,Diesel,292,3
60603,2016,297881,Minivan Familiar,Flex,295,4
48832,2007,160445,Sedan Premium,Flex,249,3
34406,2003,167469,Sedan Premium,Gasolina,183,3
39856,2005,101371,Esportivo,Alcool,145,2
35433,2007,38709,Sedan Premium,Diesel,134,4
62925,2019,192192,Esportivo,Gasolina,279,4
48500,2002,150322,Minivan Familiar,Gasolina,255,4
47517,2015,21172,Hatch Popular,Gasolina,170,3
33115,2002,11555,Esportivo,Flex,101,4
47765,2017,53276,SUV Compacto,Alcool,180,4
51723,2013,57492,Sedan Premium,Alcool,234,2
52831,2017,184074,Esportivo,Diesel,200,2
37635,2001,256010,Esportivo,Alcool,172,2
60481,2021,222320,Minivan Familiar,Alcool,274,3
43737,2002,11046,Sedan Premium,Gasolina,187,4
47294,2015,228071,Hatch Popular,Gasolina,220,2
49362,2008,184374,Minivan Familiar,Flex,252,2
20705,2003,266997,Hatch Popular,Gasolina,89,2
28327,2000,120900,Minivan Familiar,Gasolina,88,4
54537,2003,59129,Sedan Premium,Gasolina,261,4
36292,2000,237091,Sedan Basico,Gasolina,234,4
41219,2013,205550,Sedan Premium,Flex,113,3
54387,2020,244883,Sedan Premium,Gasolina,208,3
54617,2015,114130,Hatch Popular,Diesel,239,2
46037,2019,146922,Hatch Popular,Diesel,168,4
53018,2023,121789,Sedan Premium,Diesel,172,2
37849,2007,155130,Sedan Premium,Diesel,150,4
34203,2006,176492,Sedan Premium,Gasolina,146,4
59615,2002,38890,Hatch Popular,Diesel,291,4
60291,2016,66017,Sedan Premium,Gasolina,227,3
40922,2000,178376,Sedan Premium,Flex,196,3
45418,2015,163993,Picape Media,Diesel,173,4
49129,2011,132596,Sedan Basico,Alcool,242,2
49989,2018,100424,SUV Compacto,Diesel,178,4
46999,2021,277192,Sedan Basico,Diesel,192,4
53924,2022,168976,Picape Media,Gasolina,182,2
50660,2021,34008,SUV Compacto,Diesel,170,4
40193,2013,205738,Minivan Familiar,Alcool,169,2
52433,2005,83559,Sedan Premium,Gasolina,285,3
32325,2005,55337,Picape Media,Gasolina,96,3
34379,2012,275494,Minivan Familiar,Flex,97,2
65429,2018,24354,Sedan Premium,Flex,252,3
57712,2021,45186,Hatch Popular,Diesel,195,3
48738,2007,28145,Esportivo,Flex,172,2
55529,2001,86123,Picape Media,Flex,291,3
58115,2020,206258,Hatch Popular,Flex,260,4
30979,2000,216541,Picape Media,Gasolina,170,4
48733,2014,20581,Picape Media,Gasolina,161,2
32966,2000,88929,Hatch Popular,Gasolina,147,3
45628,2004,285195,SUV Compacto,Flex,272,4
52709,2015,51474,Sedan Basico,Gasolina,193,4
41978,2018,91748,Sedan Premium,Flex,80,3
37131,2003,125995,Picape Media,Gasolina,137,3
38633,2002,245690,Sedan Premium,Gasolina,233,4
43830,2016,269104,Esportivo,Alcool,188,4
48265,2016,180553,Hatch Popular,Diesel,227,2
49092,2011,36408,Sedan Premium,Flex,195,2
44186,2013,259568,Hatch Popular,Alcool,166,4
42402,2020,151563,Sedan Premium,Gasolina,89,2
38217,2005,132413,Sedan Basico,Flex,138,4
51797,2002,175695,Sedan Basico,Gasolina,282,4
40652,2008,90327,Sedan Basico,Diesel,120,2
42648,2004,202503,Sedan Basico,Alcool,184,2
58571,2023,143326,Sedan Basico,Diesel,212,3
48344,2016,182932,Sedan Basico,Alcool,201,3
57898,2013,11344,Hatch Popular,Gasolina,272,3
55999,2020,67957,Picape Media,Diesel,224,4
30519,2002,105423,Sedan Premium,Diesel,101,2
35869,2000,146968,Sedan Basico,Gasolina,177,4
54490,2019,186833,Hatch Popular,Diesel,248,2
67168,2020,193624,Hatch Popular,Flex,300,4
41362,2022,251147,Hatch Popular,Alcool,147,3
49619,2000,77454,Picape Media,Alcool,276,3
41602,2002,257594,Sedan Premium,Alcool,218,3
51211,2017,37641,Picape Media,Flex,135,4
51666,2009,29711,SUV Compacto,Alcool,258,2
60006,2021,143254,Minivan Familiar,Gasolina,228,2
36048,2002,87833,Hatch Popular,Diesel,178,3
34281,2007,281685,SUV Compacto,Flex,155,3
39661,2013,44813,Esportivo,Alcool,105,3
52130,2023,168270,Sedan Basico,Gasolina,194,3
56401,2017,139892,Minivan Familiar,Diesel,226,2
43648,2014,286214,Sedan Basico,Diesel,188,4
60927,2021,204615,Picape Media,Flex,267,4
69088,2022,41786,Minivan Familiar,Flex,278,4
25841,2001,226006,Sedan Premium,Flex,126,4
35030,2009,230876,SUV Compacto,Gasolina,150,3
38059,2001,298206,Sedan Premium,Gasolina,233,3
41513,2016,287654,Picape Media,Flex,119,3
39841,2007,281570,Sedan Basico,Alcool,212,4
42183,2000,37265,Minivan Familiar,Diesel,228,3
49227,2008,249321,Sedan Premium,Diesel,285,3
50172,2010,66150,Sedan Premium,Gasolina,211,2
47425,2021,87312,Sedan Basico,Diesel,102,2
46254,2015,89613,Minivan Familiar,Alcool,185,3
40801,2006,121826,SUV Compacto,Diesel,163,2
48342,2009,35435,Sedan Basico,Gasolina,222,2
51456,2022,210017,Sedan Premium,Gasolina,195,3
36904,2002,134055,SUV Compacto,Alcool,188,3
58722,2017,151734,SUV Compacto,Alcool,300,3
48592,2023,285654,Sedan Basico,Diesel,215,3
35884,2012,209259,Sedan Premium,Diesel,120,4
43459,2006,172070,Picape Media,Gasolina,191,4
49230,2003,94071,Sedan Premium,Alcool,226,3
40149,2012,268784,Hatch Popular,Alcool,191,2
53854,2019,146389,Minivan Familiar,Alcool,182,3
28183,2000,115608,Esportivo,Diesel,125,3
45548,2007,269708,Picape Media,Alcool,235,2
58999,2013,158417,SUV Compacto,Gasolina,298,4
40324,2015,113824,Picape Media,Gasolina,147,3
45401,2013,254444,Minivan Familiar,Diesel,201,3
33513,2011,79273,SUV Compacto,Flex,94,4
60008,2018,211837,Minivan Familiar,Diesel,244,4
60851,2022,110017,SUV Compacto,Flex,208,2
62543,2014,123618,Picape Media,Alcool,274,4
38952,2001,125341,SUV Compacto,Diesel,190,4
22949,2001,291574,SUV Compacto,Gasolina,103,4
46211,2022,206604,Hatch Popular,Alcool,106,2
48745,2021,27788,Sedan Premium,Gasolina,119,4
59650,2018,226577,Sedan Premium,Alcool,270,4
69217,2021,39974,Esportivo,Diesel,268,2
65750,2021,16371,Esportivo,Flex,243,4
65714,2016,182256,Hatch Popular,Alcool,300,4
42009,2019,73972,Esportivo,Flex,103,2
35569,2009,193259,Minivan Familiar,Alcool,103,3
20952,2005,275128,Picape Media,Gasolina,83,2
41968,2014,295183,Sedan Basico,Gasolina,146,4
45330,2021,85431,Minivan Familiar,Alcool,113,4
51438,2010,105373,Sedan Basico,Flex,264,4
52354,2004,181144,Sedan Basico,Diesel,256,2
48686,2000,286718,Hatch Popular,Diesel,294,4
45975,2007,250195,Minivan Familiar,Gasolina,260,4
51705,2020,143748,Hatch Popular,Diesel,195,2
42947,2011,32733,SUV Compacto,Gasolina,102,3
43200,2011,216752,Sedan Basico,Diesel,188,3
35770,2004,2050,Picape Media,Alcool,148,4
38553,2006,109996,Esportivo,Gasolina,174,2
49829,2003,33933,Picape Media,Gasolina,260,4
37835,2005,24951,Esportivo,Alcool,141,2
56967,2012,32413,Sedan Basico,Gasolina,248,2
40589,2019,165873,Sedan Basico,Diesel,136,3
51745,2014,186691,Sedan Basico,Diesel,267,3
33413,2002,188847,Hatch Popular,Gasolina,133,2
50058,2022,221888,Minivan Familiar,Diesel,149,4
42365,2007,261044,Esportivo,Flex,180,3
44345,2019,221165,Minivan Familiar,Gasolina,136,4
51887,2015,243662,Hatch Popular,Alcool,217,3
51635,2012,166472,Hatch Popular,Flex,247,3
47419,2017,211760,Sedan Premium,Gasolina,214,4
40921,2009,122744,Picape Media,Alcool,182,3
51217,2018,205763,Picape Media,Diesel,245,3
50204,2016,43001,SUV Compacto,Alcool,164,4
51985,2023,67364,Hatch Popular,Flex,140,3
64228,2018,238506,Esportivo,Diesel,291,3
35938,2022,228731,Sedan Premium,Gasolina,82,3
44550,2004,131878,Sedan Premium,Diesel,207,4
55539,2020,187710,Minivan Familiar,Gasolina,258,2
55471,2022,128301,Picape Media,Gasolina,165,4
32434,2008,160829,Hatch Popular,Alcool,126,2
63764,2011,34636,SUV Compacto,Alcool,275,3
59187,2020,211169,Hatch Popular,Alcool,299,2
36912,2000,179352,Minivan Familiar,Flex,155,4
29368,2000,286406,Sedan Basico,Flex,117,4
49444,2014,193283,Hatch Popular,Alcool,243,3
45772,2001,245596,Minivan Familiar,Flex,248,2
68315,2021,61665,Sedan Basico,Diesel,276,3
48888,2015,246584,Sedan Basico,Diesel,220,3
37230,2007,116953,SUV Compacto,Flex,166,4
37425,2012,158448,Esportivo,Flex,137,2
47828,2020,186626,Picape Media,Diesel,129,2
29651,2000,145271,Hatch Popular,Gasolina,109,2
59626,2015,118533,Sedan Basico,Diesel,269,2
44249,2006,73781,Hatch Popular,Diesel,180,3
33567,2004,66262,Esportivo,Flex,104,3
50820,2021,76898,Picape Media,Diesel,191,4
55434,2022,149369,Esportivo,Flex,234,3
55196,2002,30448,Picape Media,Flex,258,3
55604,2011,288316,Sedan Premium,Alcool,285,4
61466,2015,7657,Picape Media,Diesel,264,4
48121,2018,256689,SUV Compacto,Gasolina,205,4
41641,2004,159903,Esportivo,Alcool,202,3
49619,2021,7906,Sedan Basico,Flex,126,3
54230,2013,54028,Sedan Premium,Flex,197,4
27592,2004,269431,SUV Compacto,Gasolina,118,4
35162,2014,295804,Hatch Popular,Flex,95,4
33897,2016,190792,Esportivo,Diesel,101,3
63420,2013,102979,Minivan Familiar,Alcool,292,3
48403,2019,34701,Minivan Familiar,Flex,133,2
44816,2004,83300,Sedan Basico,Flex,228,3
55353,2011,241249,Picape Media,Gasolina,279,3
38802,2015,148746,Sedan Basico,Diesel,95,3
40245,2015,83560,Minivan Familiar,Flex,138,4
36399,2020,242615,Hatch Popular,Gasolina,110,3
54166,2006,43642,Sedan Premium,Flex,249,4
50875,2003,279746,Sedan Premium,Gasolina,281,2
26096,2000,88801,Esportivo,Gasolina,111,2
43723,2004,288075,Sedan Premium,Diesel,266,4
61697,2022,94377,Esportivo,Flex,241,4
29652,2009,291336,Esportivo,Diesel,88,4
66503,2021,81121,Esportivo,Gasolina,288,3
50404,2004,25559,Minivan Familiar,Alcool,218,2
36694,2003,33742,Minivan Familiar,Flex,89,4
48920,2001,152826,Picape Media,Alcool,293,3
43978,2019,135044,SUV Compacto,Flex,96,2
44889,2009,112217,Esportivo,Diesel,147,3
49516,2018,41873,Esportivo,Diesel,127,2
47533,2000,134092,SUV Compacto,Diesel,259,3
59218,2023,86988,Sedan Basico,Diesel,190,2
46350,2004,45648,Esportivo,Diesel,232,2
49949,2012,125991,Picape Media,Alcool,202,3
51784,2003,2396,Sedan Premium,Diesel,228,4
54316,2015,84082,Sedan Premium,Gasolina,180,2
56767,2023,128322,Hatch Popular,Gasolina,181,4
39661,2015,132663,Hatch Popular,Alcool,144,3
70806,2022,11303,Sedan Premium,Flex,270,4
49865,2001,161633,Sedan Premium,Gasolina,296,4
35213,2016,249690,Minivan Familiar,Flex,130,4
35574,2019,259820,Picape Media,Alcool,115,4
47715,2023,99616,SUV Compacto,Flex,160,4
53868,2011,86231,Hatch Popular,Flex,206,2
48830,2017,269458,Minivan Familiar,Flex,167,2
58327,2002,19623,Minivan Familiar,Flex,273,2
32181,2000,198747,SUV Compacto,Alcool,183,3
32061,2000,105228,Minivan Familiar,Gasolina,94,4
44840,2018,182828,Picape Media,Diesel,175,2
55261,2010,157364,Sedan Premium,Flex,246,3
45772,2004,69274,Esportivo,Gasolina,202,2
57539,2011,133541,SUV Compacto,Gasolina,277,2
28337,2002,53947,Sedan Premium,Alcool,80,4
38162,2000,153606,Sedan Premium,Gasolina,230,3
41744,2000,194692,Sedan Basico,Alcool,201,4
50259,2007,48874,SUV Compacto,Flex,246,4
53758,2009,49708,Minivan Familiar,Flex,205,2
45981,2010,74553,Esportivo,Diesel,136,4
49812,2011,68344,SUV Compacto,Diesel,160,3
47179,2012,185374,Minivan Familiar,Diesel,241,4
56570,2011,47638,Sedan Premium,Gasolina,248,4
67153,2013,78249,Esportivo,Flex,300,4
38533,2001,2719,Minivan Familiar,Alcool,152,2
58463,2018,153962,Picape Media,Diesel,220,3
50251,2017,42534,Minivan Familiar,Alcool,149,2
29935,2002,92241,Sedan Basico,Alcool,85,2
47646,2022,126209,Sedan Premium,Diesel,163,2
39492,2016,189004,Minivan Familiar,Flex,131,2
29157,2007,92124,Hatch Popular,Diesel,82,2
47391,2009,91659,Hatch Popular,Alcool,160,3
30911,2001,164134,Sedan Basico,Diesel,142,4
47334,2018,75713,Picape Media,Alcool,128,2
42431,2008,218335,Sedan Premium,Alcool,155,2
45739,2006,75418,SUV Compacto,Diesel,191,3
49715,2003,128232,Sedan Basico,Gasolina,254,3
52466,2020,163038,Picape Media,Diesel,188,4
62915,2017,168383,SUV Compacto,Gasolina,262,3
55523,2012,293719,Hatch Popular,Alcool,271,4
39929,2010,258722,Hatch Popular,Alcool,144,2
56183,2023,132079,SUV Compacto,Gasolina,160,2
52374,2003,202053,Sedan Basico,Alcool,274,4
71497,2020,76242,Hatch Popular,Gasolina,297,3
27546,2003,178589,Sedan Premium,Gasolina,94,4
48461,2009,29257,Esportivo,Alcool,179,3
34409,2004,144353,Minivan Familiar,Flex,111,2
36466,2008,263579,SUV Compacto,Gasolina,175,3
54714,2023,229947,SUV Compacto,Diesel,207,4
45571,2002,231758,Hatch Popular,Diesel,275,4
59130,2016,91357,Sedan Basico,Alcool,225,2
36061,2002,157732,Sedan Premium,Flex,192,3
47910,2015,203667,Sedan Basico,Alcool,162,3
33079,2003,83807,Picape Media,Flex,122,3
54277,2017,138563,Picape Media,Gasolina,195,2
48400,2016,258778,Esportivo,Gasolina,242,3
34772,2006,181264,Hatch Popular,Gasolina,157,4
50837,2023,73609,Hatch Popular,Gasolina,137,3
38098,2022,271221,Hatch Popular,Diesel,112,2
29724,2004,248512,Esportivo,Diesel,93,3
52226,2011,253973,Picape Media,Alcool,241,3
55382,2016,283097,Sedan Basico,Flex,268,4
53743,2022,154893,Esportivo,Gasolina,211,3
58703,2012,115374,Esportivo,Gasolina,295,4
46802,2022,24860,Sedan Basico,Flex,138,4
43289,2002,152267,Hatch Popular,Flex,236,2
46810,2008,77475,Sedan Premium,Alcool,162,4
53848,2016,152499,Sedan Basico,Flex,213,4
45609,2016,289227,Picape Media,Gasolina,200,2
61007,2019,218118,SUV Compacto,Gasolina,256,4
55696,2015,123786,SUV Compacto,Gasolina,247,2
54924,2021,7813,Minivan Familiar,Gasolina,162,3
64998,2012,31598,Minivan Familiar,Gasolina,272,2
53537,2018,257951,Esportivo,Alcool,276,4
44148,2016,93106,SUV Compacto,Gasolina,106,2
32955,2003,289226,Sedan Premium,Alcool,159,4
43085,2011,291385,Hatch Popular,Gasolina,213,3
28720,2008,227286,Picape Media,Diesel,92,2
50884,2018,11745,Minivan Familiar,Diesel,143,3
53834,2011,288173,Sedan Premium,Diesel,269,4
44413,2008,144097,Picape Media,Diesel,226,4
52648,2006,232732,Picape Media,Alcool,283,3
40881,2013,145360,Hatch Popular,Alcool,159,2
58894,2019,89186,Esportivo,Flex,202,2
45678,2018,213030,SUV Compacto,Gasolina,122,4
56842,2014,199950,Hatch Popular,Diesel,281,3
47900,2015,41846,Sedan Premium,Alcool,168,3
53596,2020,148554,Esportivo,Gasolina,227,2
36369,2004,285555,Sedan Premium,Gasolina,174,2
50517,2002,284186,Esportivo,Alcool,275,2
53545,2011,52930,Minivan Familiar,Diesel,251,3
58146,2019,248656,Sedan Premium,Flex,230,2
32617,2020,244459,Hatch Popular,Gasolina,81,2
44076,2003,224695,Esportivo,Flex,199,4
38074,2020,295900,Esportivo,Diesel,101,2
55080,2022,53268,Picape Media,Diesel,194,2
38871,2015,212943,Picape Media,Flex,136,3
33608,2006,258916,Sedan Basico,Diesel,151,3
28492,2012,184403,Sedan Premium,Gasolina,86,4
71647,2020,48901,Picape Media,Flex,285,2
48714,2009,194488,Sedan Basico,Diesel,263,4
47770,2006,163268,Minivan Familiar,Flex,198,3
52863,2013,267770,Minivan Familiar,Gasolina,274,4
43885,2004,138496,Picape Media,Diesel,193,3
28160,2002,275001,Sedan Premium,Gasolina,95,4
45530,2022,241531,Esportivo,Diesel,162,4
49421,2010,246693,SUV Compacto,Alcool,258,2
60941,2010,179362,Sedan Premium,Diesel,289,4
66196,2017,26431,Hatch Popular,Flex,287,2
39030,2014,238360,Minivan Familiar,Diesel,151,2
55624,2011,26385,Picape Media,Gasolina,203,2
37035,2008,280783,Picape Media,Gasolina,192,2
30996,2009,85530,Esportivo,Diesel,91,4
45930,2011,230983,Hatch Popular,Flex,205,3
35754,2016,283707,Esportivo,Alcool,132,3
31897,2005,205390,Hatch Popular,Flex,154,3
41544,2006,243373,SUV Compacto,Alcool,212,4
38246,2013,161779,Minivan Familiar,Gasolina,106,2
51809,2012,170182,Picape Media,Flex,219,3
41807,2007,192860,Picape Media,Alcool,224,4
49462,2009,82879,SUV Compacto,Diesel,213,2
36603,2008,238260,Sedan Basico,Gasolina,176,3
41104,2017,146323,Minivan Familiar,Diesel,84,2
37442,2001,122413,Esportivo,Gasolina,136,3
47852,2004,262670,SUV Compacto,Flex,235,3
41115,2004,47837,Esportivo,Flex,157,3
31096,2005,260550,Sedan Premium,Gasolina,148,2
46369,2018,273680,Picape Media,Gasolina,197,4
50799,2007,28541,Esportivo,Gasolina,199,2
40828,2015,79083,Hatch Popular,Flex,138,3
44845,2012,34531,Esportivo,Alcool,112,2
32352,2000,270856,Sedan Premium,Diesel,141,4
45834,2021,74744,Minivan Familiar,Diesel,129,2
52915,2019,252859,Picape Media,Flex,191,4
38108,2016,129749,SUV Compacto,Diesel,98,4
48380,2006,267253,Sedan Premium,Gasolina,293,2
53835,2012,231809,Picape Media,Alcool,276,3
43547,2003,82503,Esportivo,Diesel,202,4
42723,2003,254346,Minivan Familiar,Alcool,273,2
38164,2005,85708,Sedan Basico,Gasolina,126,4
53168,2018,191184,Minivan Familiar,Diesel,246,3
56135,2011,102471,Sedan Basico,Flex,275,2
39299,2021,254225,Hatch Popular,Alcool,112,2
46136,2006,157661,Minivan Familiar,Gasolina,220,2
45217,2009,161087,Picape Media,Alcool,163,3
59545,2018,160081,Sedan Basico,Diesel,261,4
45767,2006,193118,SUV Compacto,Diesel,214,2
37536,2002,157215,Picape Media,Flex,158,4
68138,2012,6154,SUV Compacto,Gasolina,294,4
39916,2012,152876,Minivan Familiar,Gasolina,93,3
64909,2017,64288,SUV Compacto,Flex,294,2
60966,2019,51195,Sedan Basico,Flex,226,4
43127,2007,282725,Picape Media,Gasolina,207,2
35400,2008,292231,Esportivo,Alcool,133,2
57438,2006,181002,Sedan Premium,Alcool,300,3
43537,2000,164053,Sedan Basico,Flex,227,2
31815,2002,69298,Sedan Basico,Alcool,108,2
35547,2012,206376,Esportivo,Gasolina,103,4
53225,2016,39499,Picape Media,Diesel,161,3
44363,2023,169631,Picape Media,Diesel,142,2
44326,2000,245198,Minivan Familiar,Alcool,281,4
36228,2005,242997,SUV Compacto,Flex,184,3
45626,2020,96347,Minivan Familiar,Flex,136,3
40667,2005,297632,Esportivo,Flex,215,4
59371,2011,205735,Minivan Familiar,Flex,297,4
45377,2012,22431,Esportivo,Flex,141,4
46009,2012,194555,Picape Media,Alcool,236,4
60440,2014,122720,SUV Compacto,Diesel,281,4
40236,2020,49153,Minivan Familiar,Diesel,96,2
37483,2015,268512,Sedan Basico,Alcool,145,2
35983,2021,176076,Hatch Popular,Flex,85,3
48059,2020,219724,Sedan Premium,Alcool,137,2
44503,2010,56985,Sedan Basico,Diesel,148,2
49408,2004,108737,Picape Media,Gasolina,235,2
34339,2003,212133,Sedan Premium,Alcool,141,4
46064,2002,154470,Hatch Popular,Flex,248,3
62712,2018,229465,Hatch Popular,Diesel,276,3
48981,2019,50861,SUV Compacto,Diesel,161,3
65804,2017,212977,Sedan Premium,Diesel,297,3
59992,2014,127118,SUV Compacto,Diesel,291,2
46719,2008,196713,Sedan Basico,Flex,248,2
60827,2016,9078,Esportivo,Gasolina,256,4
61169,2013,51047,Esportivo,Diesel,298,3
58415,2014,235458,Esportivo,Alcool,256,2
48548,2000,215048,Sedan Premium,Gasolina,283,2
43471,2020,236293,Esportivo,Diesel,150,4
56123,2021,117832,Sedan Basico,Gasolina,210,4
37251,2021,125150,SUV Compacto,Alcool,89,4
37941,2002,157087,Sedan Premium,Diesel,177,2
46035,2015,33320,SUV Compacto,Alcool,168,2
42536,2022,90827,Sedan Premium,Flex,114,4
54350,2010,259931,SUV Compacto,Diesel,287,3
32165,2011,24826,Hatch Popular,Diesel,81,4
46366,2009,100734,SUV Compacto,Diesel,203,4
39102,2015,157702,Esportivo,Diesel,103,4
34898,2007,229834,Hatch Popular,Flex,153,4
45878,2005,177235,SUV Compacto,Diesel,245,2
33804,2011,98511,Sedan Premium,Gasolina,101,3
55860,2023,273797,Sedan Premium,Diesel,233,4
56111,2020,159033,Sedan Premium,Flex,250,3
53789,2007,81941,Picape Media,Diesel,262,3
28090,2003,205209,Sedan Basico,Gasolina,118,3
52370,2007,295806,Sedan Premium,Flex,298,4
55414,2017,98818,Hatch Popular,Flex,236,2
29639,2004,152360,Sedan Premium,Gasolina,99,4
49432,2008,253627,Picape Media,Gasolina,298,3
33901,2003,95081,Esportivo,Gasolina,120,3
60986,2021,36877,Hatch Popular,Gasolina,261,2
49468,2016,211957,Picape Media,Gasolina,227,4
43551,2008,72715,Esportivo,Flex,187,3
47440,2000,141398,Minivan Familiar,Flex,226,2
49597,2020,110091,Minivan Familiar,Diesel,163,3
49277,2019,132632,Hatch Popular,Diesel,190,2
46270,2012,83186,SUV Compacto,Alcool,145,2
51631,2015,162962,Sedan Basico,Diesel,237,4
41964,2012,151094,Sedan Basico,Diesel,132,3
37709,2013,70316,Picape Media,Gasolina,113,4
49800,2002,28380,Esportivo,Gasolina,229,3
34341,2005,110198,Sedan Basico,Diesel,146,4
52744,2017,264500,Esportivo,Alcool,213,3
66890,2018,70326,Esportivo,Gasolina,286,4
29055,2004,114994,Picape Media,Diesel,106,2
38563,2014,220971,Picape Media,Diesel,89,3
33962,2001,282193,Picape Media,Flex,152,3
36134,2009,278226,Sedan Basico,Alcool,175,2
40751,2023,262805,Minivan Familiar,Flex,127,4
46889,2017,168484,Picape Media,Alcool,149,3
49965,2012,265064,Sedan Basico,Gasolina,266,3
32819,2004,245378,Picape Media,Alcool,179,4
44887,2022,271090,Sedan Premium,Diesel,138,2
43350,2023,225314,Esportivo,Diesel,81,4
37928,2000,235612,Picape Media,Alcool,236,4
57227,2021,278453,Hatch Popular,Alcool,275,4
36245,2000,55230,Esportivo,Alcool,144,3
52612,2017,59321,Esportivo,Flex,162,2
50177,2014,132028,Picape Media,Alcool,233,2
56024,2016,231447,Minivan Familiar,Gasolina,296,4
29686,2010,288107,SUV Compacto,Flex,89,3
47866,2020,101757,Minivan Familiar,Flex,132,4
50110,2021,266847,Picape Media,Alcool,158,3
43910,2016,196200,Esportivo,Gasolina,138,3
55204,2012,72099,Hatch Popular,Flex,229,3
42130,2000,162932,Esportivo,Diesel,258,3
32040,2001,31585,Minivan Familiar,Flex,127,2
52767,2008,43585,Hatch Popular,Alcool,228,3
36214,2002,289102,Sedan Basico,Gasolina,202,3
20951,2000,288161,Sedan Premium,Alcool,101,4
46335,2020,291570,Esportivo,Diesel,179,4
41895,2015,279922,Picape Media,Diesel,177,2
63503,2022,176313,Sedan Basico,Diesel,237,4
29933,2005,42229,Sedan Premium,Alcool,104,3
41258,2016,86652,Picape Media,Flex,107,4
50147,2004,249474,SUV Compacto,Alcool,272,2
40079,2004,179436,Picape Media,Gasolina,192,4
32925,2005,260116,Hatch Popular,Flex,124,4
39058,2002,19975,Hatch Popular,Diesel,147,2
44442,2020,157795,SUV Compacto,Alcool,86,2
46687,2022,209373,Sedan Basico,Diesel,128,3
42382,2004,197133,Sedan Premium,Diesel,216,4
54624,2020,180225,Picape Media,Gasolina,243,3
36296,2004,295286,Hatch Popular,Flex,162,4
39050,2009,289060,Sedan Basico,Gasolina,208,4
50931,2009,64324,SUV Compacto,Gasolina,217,3
60014,2018,176037,Minivan Familiar,Gasolina,243,4
48604,2016,135720,Esportivo,Diesel,152,4
46826,2020,166205,Minivan Familiar,Gasolina,125,4
45486,2013,96059,Minivan Familiar,Gasolina,185,2
52083,2008,98317,Hatch Popular,Flex,239,3
38620,2013,201207,SUV Compacto,Flex,111,2
23300,2000,297190,Picape Media,Gasolina,85,3
61347,2018,101459,Minivan Familiar,Flex,255,3
47183,2012,237697,Minivan Familiar,Flex,245,4
46865,2012,200422,Sedan Premium,Gasolina,224,3
33415,2003,101520,Hatch Popular,Diesel,153,2
37354,2000,61272,Hatch Popular,Gasolina,193,2
39122,2016,223224,Picape Media,Flex,106,2
39980,2007,144832,Esportivo,Diesel,133,3
47001,2001,152999,Sedan Basico,Alcool,257,2
57069,2007,61367,Sedan Premium,Diesel,242,3
36485,2006,229027,Hatch Popular,Flex,164,2
33915,2001,232750,Sedan Premium,Diesel,206,2
50980,2021,235806,Hatch Popular,Gasolina,232,3
53591,2021,183305,Sedan Premium,Alcool,235,2
44154,2002,44738,SUV Compacto,Alcool,190,4
46781,2017,33397,Minivan Familiar,Alcool,94,3
42221,2011,202332,Hatch Popular,Flex,211,3
40630,2000,111453,Sedan Premium,Flex,172,3
61123,2021,19816,Sedan Basico,Alcool,202,4
39597,2011,245011,SUV Compacto,Diesel,152,3
47459,2004,213567,SUV Compacto,Alcool,234,2
55342,2016,71635,Sedan Basico,Diesel,233,2
46921,2015,216184,Sedan Premium,Diesel,226,2
42599,2014,298090,Picape Media,Flex,171,3
46304,2022,182958,Sedan Basico,Diesel,96,2
31730,2014,277707,Sedan Premium,Alcool,122,3
42871,2004,92324,Sedan Basico,Flex,200,2
40369,2020,223536,Sedan Basico,Gasolina,120,4
49563,2013,232944,Hatch Popular,Gasolina,249,4
45295,2001,271991,Sedan Premium,Flex,257,4
61168,2010,26155,Picape Media,Alcool,291,4
61521,2018,116891,Minivan Familiar,Gasolina,247,3
34092,2006,149381,Hatch Popular,Gasolina,118,2
42301,2005,131691,Sedan Basico,Diesel,192,4
42324,2001,34707,Minivan Familiar,Diesel,230,3
42905,2005,197576,Esportivo,Alcool,190,4
57235,2017,178686,Minivan Familiar,Flex,259,4
25285,2001,222500,Sedan Basico,Alcool,126,3
41797,2017,262425,Sedan Basico,Flex,142,3
50190,2014,158492,Sedan Premium,Gasolina,189,2
49635,2018,170102,Sedan Premium,Diesel,148,2
28292,2001,217285,Hatch Popular,Alcool,122,4
57454,2019,159476,Picape Media,Alcool,255,4
25571,2005,234554,Hatch Popular,Flex,113,2
32127,2000,160928,SUV Compacto,Flex,119,2
68995,2023,140272,Sedan Basico,Alcool,282,3
32913,2014,296141,Minivan Familiar,Flex,140,2
67634,2022,119273,Esportivo,Alcool,257,2
49581,2009,172307,Sedan Basico,Alcool,274,4
37855,2018,248500,Sedan Basico,Alcool,141,2
47486,2016,166129,Hatch Popular,Gasolina,137,4
43804,2004,132311,Esportivo,Flex,240,2
28715,2003,234746,Esportivo,Diesel,154,3
27577,2009,245546,Esportivo,Diesel,95,2
48604,2023,196733,Hatch Popular,Flex,161,2
43885,2016,126945,Sedan Basico,Alcool,173,2
41413,2009,45272,Hatch Popular,Diesel,127,4
48643,2016,146470,Sedan Premium,Diesel,217,3
51620,2019,120030,Sedan Premium,Flex,161,2
53921,2023,6570,Hatch Popular,Diesel,117,4
45041,2004,9110,Esportivo,Alcool,206,3
29673,2001,79141,Sedan Basico,Flex,98,4
54593,2005,12115,Hatch Popular,Alcool,243,4
62832,2020,39062,Hatch Popular,Diesel,266,3
24919,2001,285055,Hatch Popular,Diesel,142,2
40127,2012,104061,SUV Compacto,Alcool,156,4
45124,2010,294700,Sedan Premium,Gasolina,253,4
50073,2010,1969,Minivan Familiar,Diesel,210,2
64971,2015,121863,Esportivo,Gasolina,281,2
44064,2010,272369,Picape Media,Diesel,181,3
46263,2018,123008,Minivan Familiar,Gasolina,144,3
51150,2014,154268,Esportivo,Gasolina,199,3
49115,2022,105823,Picape Media,Gasolina,170,2
33458,2022,275813,SUV Compacto,Alcool,87,4
54529,2015,110677,Hatch Popular,Gasolina,258,4
52540,2010,246958,SUV Compacto,Gasolina,288,3
50729,2021,48320,SUV Compacto,Gasolina,152,2
51139,2015,146649,Minivan Familiar,Diesel,213,4
40722,2007,125354,Sedan Basico,Gasolina,186,3
38051,2003,88009,Minivan Familiar,Diesel,168,4
28707,2007,257437,Sedan Premium,Gasolina,118,4
43593,2003,28625,Picape Media,Gasolina,192,2
58291,2023,212112,Hatch Popular,Alcool,267,2
26979,2002,286233,Minivan Familiar,Diesel,107,4
43513,2002,36487,Picape Media,Gasolina,176,3
56963,2017,228071,Esportivo,Diesel,261,2
39220,2018,173895,Picape Media,Diesel,116,4
56209,2018,101376,Esportivo,Flex,216,2
48705,2020,243341,Minivan Familiar,Alcool,161,2
26717,2004,281652,Sedan Premium,Alcool,135,2
62380,2017,158056,Minivan Familiar,Alcool,266,4
42783,2009,110169,Esportivo,Flex,164,3
35638,2021,270269,Picape Media,Flex,81,3
65888,2020,36059,Picape Media,Alcool,268,3
35492,2005,103409,Esportivo,Flex,137,2
40941,2000,5704,SUV Compacto,Flex,186,4
45853,2004,204456,Sedan Premium,Flex,202,2
52832,2008,218200,Sedan Basico,Alcool,267,3
50578,2011,111279,Hatch Popular,Alcool,247,3
57999,2013,158280,Picape Media,Alcool,243,4
37524,2001,118516,Hatch Popular,Flex,193,2
51771,2016,197096,Sedan Basico,Alcool,186,3
32073,2013,232549,Minivan Familiar,Flex,116,4
48176,2012,29165,Hatch Popular,Gasolina,158,2
43095,2008,67203,Sedan Basico,Flex,171,2
29365,2014,266258,Esportivo,Diesel,97,3
56208,2021,36321,SUV Compacto,Alcool,177,3
36670,2014,245014,Picape Media,Alcool,142,2
57082,2023,156498,Sedan Basico,Diesel,229,2
53666,2010,17772,Hatch Popular,Flex,218,3
50786,2015,265856,Picape Media,Gasolina,265,2
57765,2016,238389,SUV Compacto,Diesel,264,3
57224,2003,115142,Esportivo,Diesel,284,2
27201,2000,91736,Minivan Familiar,Flex,83,3
62883,2007,51924,Picape Media,Alcool,293,4
57076,2016,3726,Minivan Familiar,Flex,214,3
38589,2002,27723,Sedan Basico,Diesel,140,3
50684,2019,234182,SUV Compacto,Diesel,186,4
44323,2014,140180,Hatch Popular,Alcool,133,2
39263,2014,208786,SUV Compacto,Alcool,167,4
52331,2023,35643,SUV Compacto,Alcool,147,3
70107,2021,162396,Sedan Premium,Flex,299,2
53881,2013,214432,SUV Compacto,Alcool,286,4
58549,2022,139999,SUV Compacto,Diesel,208,2
42702,2013,79973,Picape Media,Diesel,134,2
43966,2023,109834,Hatch Popular,Gasolina,82,4
45991,2001,236386,Picape Media,Flex,285,2
47966,2012,287681,Picape Media,Gasolina,245,4
50052,2013,107522,Sedan Basico,Diesel,200,3
65217,2023,22612,Picape Media,Gasolina,208,2
46536,2018,225049,Sedan Premium,Diesel,181,3
27897,2006,268615,Sedan Premium,Gasolina,117,3
31268,2002,166703,Minivan Familiar,Alcool,164,2
47252,2014,240069,Sedan Basico,Gasolina,236,4
57327,2022,223131,Minivan Familiar,Alcool,212,2
57257,2013,31348,Minivan Familiar,Alcool,281,3
40474,2010,195804,Esportivo,Flex,171,3
35280,2014,263321,Hatch Popular,Alcool,100,4
53300,2012,135832,Hatch Popular,Alcool,278,2
53262,2017,294923,Picape Media,Gasolina,274,3
34300,2005,283780,Picape Media,Diesel,188,3
29526,2002,81889,Esportivo,Flex,126,3
54711,2018,53551,Picape Media,Alcool,163,4
44227,2014,142635,Hatch Popular,Flex,162,3
45833,2022,46819,Minivan Familiar,Gasolina,114,3
48040,2004,212781,SUV Compacto,Alcool,275,2
39256,2009,158059,Sedan Premium,Gasolina,148,2
43894,2006,189420,SUV Compacto,Flex,208,3
64466,2016,24596,SUV Compacto,Gasolina,275,3
52585,2006,59182,Hatch Popular,Flex,219,2
63478,2021,128803,SUV Compacto,Gasolina,267,4
33432,2011,139978,Esportivo,Flex,106,4
39548,2016,299058,Sedan Basico,Diesel,135,4
40096,2012,45379,Picape Media,Gasolina,102,4
49145,2019,245900,Sedan Basico,Gasolina,232,4
23600,2003,258517,Minivan Familiar,Diesel,100,4
35399,2009,137084,Sedan Premium,Diesel,140,4
37779,2002,181187,Picape Media,Gasolina,142,4
42787,2008,269295,SUV Compacto,Diesel,201,2
37759,2012,57716,Sedan Premium,Alcool,131,4
46034,2017,223725,Picape Media,Flex,167,4
53181,2014,167450,Esportivo,Flex,232,4
36770,2003,173724,Esportivo,Flex,134,3
42001,2014,203502,Esportivo,Alcool,125,2
46120,2021,144539,Esportivo,Diesel,111,2
28566,2001,121999,SUV Compacto,Diesel,134,2
43747,2014,114793,Sedan Basico,Gasolina,175,4
46311,2007,12289,Picape Media,Diesel,212,4
31357,2007,176048,SUV Compacto,Gasolina,115,3
49608,2016,174668,Esportivo,Alcool,189,2
55739,2011,231513,Minivan Familiar,Flex,256,4
46891,2018,257368,Sedan Basico,Flex,185,2
38718,2009,86365,Minivan Familiar,Flex,137,3
33294,2008,230662,Sedan Premium,Diesel,118,3
34773,2004,175211,Minivan Familiar,Gasolina,159,3
44023,2005,179785,Sedan Premium,Gasolina,176,2
55576,2019,72588,Sedan Premium,Alcool,192,4
53487,2001,63646,Esportivo,Diesel,292,4
46873,2023,265798,Sedan Premium,Alcool,140,3
48836,2012,280887,Hatch Popular,Gasolina,216,4
25729,2005,221097,Picape Media,Gasolina,85,3
38684,2004,205244,Picape Media,Flex,188,2
29884,2000,119735,Esportivo,Diesel,114,3
43557,2020,155683,Hatch Popular,Gasolina,118,2
59420,2021,107971,Minivan Familiar,Flex,229,3
66428,2020,12149,SUV Compacto,Diesel,248,4
35953,2005,238976,Minivan Familiar,Alcool,197,4
32906,2005,42668,SUV Compacto,Diesel,84,3
66176,2022,88204,Sedan Premium,Diesel,249,4
48981,2015,211830,Sedan Basico,Gasolina,166,4
55235,2003,196501,SUV Compacto,Gasolina,288,4
37552,2010,165140,Sedan Basico,Diesel,155,2
66708,2023,219861,Picape Media,Gasolina,294,4
69840,2022,140507,Sedan Basico,Gasolina,287,2
55462,2008,225160,Picape Media,Gasolina,274,3
57514,2022,183321,Hatch Popular,Flex,237,4
40678,2002,37384,Hatch Popular,Flex,136,4
57127,2018,81929,Esportivo,Diesel,206,4
62072,2007,76153,Esportivo,Gasolina,293,3
46336,2004,235128,Sedan Premium,Flex,280,2
33394,2003,75388,SUV Compacto,Diesel,108,2
63435,2023,31401,Sedan Premium,Gasolina,244,4
36107,2005,202903,Picape Media,Alcool,166,3
47626,2001,119503,Sedan Premium,Gasolina,220,3
54646,2019,232601,Sedan Basico,Gasolina,239,3
35225,2010,127834,Picape Media,Flex,125,3
43964,2003,34084,Esportivo,Diesel,195,3
44611,2014,251459,Hatch Popular,Diesel,191,2
45424,2005,110641,Esportivo,Flex,230,2
42471,2021,105111,SUV Compacto,Gasolina,124,2
56882,2016,138299,Picape Media,Alcool,224,4
54619,2023,162982,Picape Media,Gasolina,183,3
31915,2005,298185,Sedan Basico,Gasolina,164,4
56527,2018,234386,SUV Compacto,Alcool,273,3
42131,2001,196553,Hatch Popular,Flex,213,2
48559,2014,260337,Minivan Familiar,Diesel,187,4
37253,2010,127556,Picape Media,Flex,97,2
43435,2007,195246,Picape Media,Flex,173,3
56845,2018,26160,Sedan Basico,Gasolina,229,3
33677,2012,246242,Sedan Premium,Diesel,112,3
51207,2011,17633,Hatch Popular,Diesel,237,2
50039,2004,279158,Esportivo,Flex,288,3
43131,2005,49104,SUV Compacto,Alcool,205,2
65381,2021,68388,Picape Media,Flex,239,4
52967,2003,16014,Picape Media,Alcool,249,3
66258,2018,92578,Esportivo,Diesel,285,3
49026,2019,164827,Hatch Popular,Flex,201,3
49756,2000,40390,Sedan Premium,Gasolina,217,4
49856,2019,285855,Picape Media,Flex,194,3
54059,2016,91658,Hatch Popular,Diesel,243,2
55833,2011,57993,Esportivo,Gasolina,241,2
